{"cameraMode":{"drawMode":0,"name":"Shaded","section":"Shading Mode"},"sceneLighting":true,"audioPlay":false,"sceneViewState":{"m_AlwaysRefresh":false,"showFog":true,"showSkybox":true,"showFlares":true,"showImageEffects":true,"showParticleSystems":true,"showVisualEffectGraphs":true,"m_FxEnabled":true},"in2DMode":false,"pivot":{"x":-0.9034923315048218,"y":0.38327932357788088,"z":-7.931824684143066},"rotation":{"x":-0.19716988503932954,"y":0.3557848334312439,"z":-0.07706502825021744,"w":-0.9102742075920105},"size":5.297520160675049,"orthographic":false}