{"cameraMode":{"drawMode":0,"name":"Shaded","section":"Shading Mode"},"sceneLighting":true,"audioPlay":false,"sceneViewState":{"m_AlwaysRefresh":false,"showFog":true,"showSkybox":true,"showFlares":true,"showImageEffects":true,"showParticleSystems":true,"showVisualEffectGraphs":true,"m_FxEnabled":true},"in2DMode":false,"pivot":{"x":-1.6905927658081055,"y":1.6853218078613282,"z":36.147438049316409},"rotation":{"x":-0.27317264676094057,"y":0.26595988869667055,"z":-0.07887636125087738,"w":-0.9210979342460632},"size":13.427165031433106,"orthographic":false}